Id,Name,SKU,content,"Short Description",sku,category,"Gallery Image","Product Image",Download,Image,print-position-1,print-position-2,accessories,packaging,kop-fran,tariff-stat-nr,standardfarg,tryckyta,logo,material,kapacitet,vikt,dimensioner,version,certifikat,"oem-tlc-16 GB-50","oem-tlc-16 GB-100","oem-tlc-16 GB-250","oem-tlc-16 GB-500","oem-tlc-16 GB-1000","oem-tlc-16 GB-2500","oem-tlc-16 GB-5000","oem-tlc-32 GB-50","oem-tlc-32 GB-100","oem-tlc-32 GB-250","oem-tlc-32 GB-500","oem-tlc-32 GB-1000","oem-tlc-32 GB-2500","oem-tlc-32 GB-5000","oem-tlc-64 GB-50","oem-tlc-64 GB-100","oem-tlc-64 GB-250","oem-tlc-64 GB-500","oem-tlc-64 GB-1000","oem-tlc-64 GB-2500","oem-tlc-64 GB-5000","oem-tlc-128 GB-50","oem-tlc-128 GB-100","oem-tlc-128 GB-250","oem-tlc-128 GB-500","oem-tlc-128 GB-1000","oem-tlc-128 GB-2500","oem-tlc-128 GB-5000","oem_mlc-16 GB-50","oem_mlc-16 GB-100","oem_mlc-16 GB-250","oem_mlc-16 GB-500","oem_mlc-16 GB-1000","oem_mlc-16 GB-2500","oem_mlc-16 GB-5000","oem_mlc-32 GB-50","oem_mlc-32 GB-100","oem_mlc-32 GB-250","oem_mlc-32 GB-500","oem_mlc-32 GB-1000","oem_mlc-32 GB-2500","oem_mlc-32 GB-5000","oem_mlc-64 GB-50","oem_mlc-64 GB-100","oem_mlc-64 GB-250","oem_mlc-64 GB-500","oem_mlc-64 GB-1000","oem_mlc-64 GB-2500","oem_mlc-64 GB-5000","oem_mlc-128 GB-50","oem_mlc-128 GB-100","oem_mlc-128 GB-250","oem_mlc-128 GB-500","oem_mlc-128 GB-1000","oem_mlc-128 GB-2500","oem_mlc-128 GB-5000","original-16 GB-50","original-16 GB-100","original-16 GB-250","original-16 GB-500","original-16 GB-1000","original-16 GB-2500","original-16 GB-5000","original-32 GB-50","original-32 GB-100","original-32 GB-250","original-32 GB-500","original-32 GB-1000","original-32 GB-2500","original-32 GB-5000","original-64 GB-50","original-64 GB-100","original-64 GB-250","original-64 GB-500","original-64 GB-1000","original-64 GB-2500","original-64 GB-5000","original-128 GB-50","original-128 GB-100","original-128 GB-250","original-128 GB-500","original-128 GB-1000","original-128 GB-2500","original-128 GB-5000","oem-tlc-1 GB-50","oem-tlc-1 GB-100","oem-tlc-1 GB-250","oem-tlc-1 GB-500","oem-tlc-1 GB-1000","oem-tlc-1 GB-2500","oem-tlc-1 GB-5000","oem-tlc-2 GB-50","oem-tlc-2 GB-100","oem-tlc-2 GB-250","oem-tlc-2 GB-500","oem-tlc-2 GB-1000","oem-tlc-2 GB-2500","oem-tlc-2 GB-5000","oem-tlc-4 GB-50","oem-tlc-4 GB-100","oem-tlc-4 GB-250","oem-tlc-4 GB-500","oem-tlc-4 GB-1000","oem-tlc-4 GB-2500","oem-tlc-4 GB-5000","oem-tlc-8 GB-50","oem-tlc-8 GB-100","oem-tlc-8 GB-250","oem-tlc-8 GB-500","oem-tlc-8 GB-1000","oem-tlc-8 GB-2500","oem-tlc-8 GB-5000","oem_mlc-1 GB-50","oem_mlc-1 GB-100","oem_mlc-1 GB-250","oem_mlc-1 GB-500","oem_mlc-1 GB-1000","oem_mlc-1 GB-2500","oem_mlc-1 GB-5000","oem_mlc-2 GB-50","oem_mlc-2 GB-100","oem_mlc-2 GB-250","oem_mlc-2 GB-500","oem_mlc-2 GB-1000","oem_mlc-2 GB-2500","oem_mlc-2 GB-5000","oem_mlc-4 GB-50","oem_mlc-4 GB-100","oem_mlc-4 GB-250","oem_mlc-4 GB-500","oem_mlc-4 GB-1000","oem_mlc-4 GB-2500","oem_mlc-4 GB-5000","oem_mlc-8 GB-50","oem_mlc-8 GB-100","oem_mlc-8 GB-250","oem_mlc-8 GB-500","oem_mlc-8 GB-1000","oem_mlc-8 GB-2500","oem_mlc-8 GB-5000","original-1 GB-50","original-1 GB-100","original-1 GB-250","original-1 GB-500","original-1 GB-1000","original-1 GB-2500","original-1 GB-5000","original-2 GB-50","original-2 GB-100","original-2 GB-250","original-2 GB-500","original-2 GB-1000","original-2 GB-2500","original-2 GB-5000","original-4 GB-50","original-4 GB-100","original-4 GB-250","original-4 GB-500","original-4 GB-1000","original-4 GB-2500","original-4 GB-5000","original-8 GB-50","original-8 GB-100","original-8 GB-250","original-8 GB-500","original-8 GB-1000","original-8 GB-2500","original-8 GB-5000",own-design,tariff-stat-no,farger,certificate
0,"Sydney USB",11406,,"Stilrent USB-minne tillverkad av metall, som inte bara ger den extra exklusiva känslan utan även ser exklusiv ut. Nedladdning på 3,0 i hastighet, USB-A kontakt på ena sidan och den moderna Type-C kontakten på andra sidan. Enkel twist funktion så att man enkelt kan skifta mellan de två olika kontakterna. USB-minnet finns i antingen 16GB eller i 32GB loggan graveras på USB-minnet.",11406,"Nyheter,USB-minnen","https://www.usb.nu/wp-content/uploads/2024/01/11406-Sydney-USB_1-scaled.jpg,https://www.usb.nu/wp-content/uploads/2024/01/11406-Sydney-USB_2-scaled.jpg,https://www.usb.nu/wp-content/uploads/2024/01/11406-Sydney-USB_4-scaled.jpg,https://www.usb.nu/wp-content/uploads/2024/01/11406-Sydney-USB_3-scaled.jpg,https://www.usb.nu/wp-content/uploads/2024/01/11406-Sydney-USB_5-scaled.jpg",https://www.usb.nu/wp-content/uploads/2024/01/11406-Sydney-USB_3-scaled.jpg,"<a href=""https://www.usb.nu/wp-content/uploads/2024/01/11406-Sydney-USB_Pics.zip"">11406-Sydney USB_Pics</a>

<a href=""https://www.usb.nu/wp-content/uploads/2024/01/11406_Sydney-USB_ARTW.pdf"" target=""_blank"" rel=""noopener"">11406_Sydney USB_ARTW</a>",,"720-sv,191-sv,192-sv,193-sv,198-sv","260-1b-sv,195-sv,196-sv,197-sv,199-sv","552-sv,karbinhake,650-sv,651-sv,551-sv","457-sv,454-sv,453-sv,452-sv,456-sv,901-sv","100 st",8523511000,Metall,34x13mm,Gravyr,Metall,16GB-32GB,22g,"67x15x8,5mm","USB 3.0","CE, Rohs, EMC",66,55,54,52,50,48,,74,63,62,60,58,56,,86,75,74,72,70,68,,125,114,113,110,108,106,,72,61,60,58,56,54,,80,69,68,66,64,62,,92,81,80,78,76,74,,131,120,119,117,115,113,,80,69,68,66,64,62,,88,77,76,74,72,70,,100,89,88,86,84,82,,139,128,127,125,123,121,,-,-,-,-,-,-,-,-,-,-,-,-,-,-,-,-,-,-,-,-,-,-,-,-,-,-,-,-,-,-,-,-,-,-,-,-,-,-,-,-,-,-,-,-,-,-,-,-,-,-,-,-,-,-,-,-,-,-,-,-,-,-,-,-,-,-,-,-,-,-,-,-,-,-,-,-,-,-,-,-,-,-,-,-,-,-,-,-
1,"Boston USB",11403,,"Stilrent, kompakt och smidigt USB-minne som har 3,0 i hastighet. På ena sidan är där ett USB-A uttag och på andra sidan har den moderna Type-C kontakten. Med smidig twist funktion väljer du enkelt vilken kontakt du vill använda. USB-minnet finns i antingen 16GB eller i 32GB, och loggan graveras på USB-minnet.",11403,"Nyheter,USB-minnen","https://www.usb.nu/wp-content/uploads/2024/01/11403_Boston-USB_1-scaled.jpg,https://www.usb.nu/wp-content/uploads/2024/01/11403_Boston-USB_2-scaled.jpg,https://www.usb.nu/wp-content/uploads/2024/01/11403_Boston-USB_6-scaled.jpg,https://www.usb.nu/wp-content/uploads/2024/01/11403_Boston-USB_5-scaled.jpg,https://www.usb.nu/wp-content/uploads/2024/01/11403_Boston-USB_3-scaled.jpg",https://www.usb.nu/wp-content/uploads/2024/01/11403_Boston-USB_2-scaled.jpg,"<a href=""https://www.usb.nu/wp-content/uploads/2024/01/11403_Boston-USB_Pics.zip"">11403_Boston USB_Pics</a>

<a href=""https://www.usb.nu/wp-content/uploads/2024/01/11403_Boston-USB_ARTW.pdf"" target=""_blank"" rel=""noopener"">11403_Boston USB_ARTW</a>",,"720-sv,191-sv,192-sv,193-sv,198-sv","260-1b-sv,195-sv,196-sv,197-sv,199-sv","552-sv,karbinhake,650-sv,651-sv,551-sv","457-sv,454-sv,453-sv,452-sv,456-sv,901-sv","100 st",8523511000,Metall,16x10mm,Gravyr,Metall,16GB-32GB,11g,43x12x6mm,"USB 3.0","CE, Rohs, EMC",82,71,70,68,66,64,,84,72,71,69,67,65,,90,81,80,78,76,74,,146,134,133,131,129,127,,88,77,76,74,72,70,,90,78,77,75,73,71,,99,87,86,84,82,80,,152,140,139,137,135,133,,96,85,84,82,80,78,,98,86,85,83,81,79,,107,95,94,92,90,88,,160,148,147,145,143,141,,-,-,-,-,-,-,-,-,-,-,-,-,-,-,-,-,-,-,-,-,-,-,-,-,-,-,-,-,-,-,-,-,-,-,-,-,-,-,-,-,-,-,-,-,-,-,-,-,-,-,-,-,-,-,-,-,-,-,-,-,-,-,-,-,-,-,-,-,-,-,-,-,-,-,-,-,-,-,-,-,-,-,-,-,-,-,-,-
2,"Detroit USB",11400,,"Stilrent, smidigt och lite mindre USB-minne som har 3,0 i hastighet. På ena sidan är där ett USB-A uttag och på andra sidan har den moderna Type-C kontakten. Med smidig twist funktion väljer du enkelt vilken kontakt du vill använda. USB-minnet finns i antingen 16GB eller i 32GB, och loggan graveras på USB-minnet.",11400,"Nyheter,USB-minnen","https://www.usb.nu/wp-content/uploads/2024/01/11400_Detroit-USB_6-scaled.jpg,https://www.usb.nu/wp-content/uploads/2024/01/11400_Detroit-USB_2-scaled.jpg,https://www.usb.nu/wp-content/uploads/2024/01/11400_Detroit-USB_4-scaled.jpg,https://www.usb.nu/wp-content/uploads/2024/01/11400_Detroit-USB_1-scaled.jpg,https://www.usb.nu/wp-content/uploads/2024/01/11400_Detroit-USB_5-scaled.jpg",https://www.usb.nu/wp-content/uploads/2024/01/11400_Detroit-USB_4-scaled.jpg,"<a href=""https://www.usb.nu/wp-content/uploads/2024/01/11400_Detroit-USB_Pics.zip"">11400_Detroit USB_Pics</a>

<a href=""https://www.usb.nu/wp-content/uploads/2024/01/11400_Detroit-USB_ARTW.pdf"" target=""_blank"" rel=""noopener"">11400_Detroit USB_ARTW</a>",,"720-sv,191-sv,192-sv,193-sv,198-sv","260-1b-sv,195-sv,196-sv,197-sv,199-sv","552-sv,karbinhake,650-sv,651-sv,551-sv","457-sv,454-sv,453-sv,452-sv,456-sv,901-sv","50 st",8523511000,Metall,12x10mm,Gravyr,Metall,16GB-32GB,10g,37x12x6mm,"USB 3.0","CE, Rohs, EMC",82,71,70,68,66,64,,84,72,71,69,67,65,,93,81,80,78,76,74,,146,134,133,131,129,127,,88,77,76,74,72,70,,90,78,77,75,73,71,,99,87,86,84,82,80,,152,140,139,137,135,133,,96,85,84,82,80,78,,98,86,85,83,81,79,,104,95,94,92,90,88,,160,148,147,145,143,141,,-,-,-,-,-,-,-,-,-,-,-,-,-,-,-,-,-,-,-,-,-,-,-,-,-,-,-,-,-,-,-,-,-,-,-,-,-,-,-,-,-,-,-,-,-,-,-,-,-,-,-,-,-,-,-,-,-,-,-,-,-,-,-,-,-,-,-,-,-,-,-,-,-,-,-,-,-,-,-,-,-,-,-,-,-,-,-,-
3,"Lima USB 3.0",14502,,"Kompakt och smart USB-minne i 3,0 hastighet med både USB-A och Type-C kontakt.

Tillverkade i metall för lång livslängd.",14502,USB-minnen,"https://www.usb.nu/wp-content/uploads/2021/01/Lima-USB_14502_1-1-scaled.jpg,https://www.usb.nu/wp-content/uploads/2021/01/Lima-USB_14502_2-1-scaled.jpg,https://www.usb.nu/wp-content/uploads/2021/01/Lima-USB_14502_3-1-scaled.jpg,https://www.usb.nu/wp-content/uploads/2021/01/Lima-USB_14502_4-scaled.jpg,https://www.usb.nu/wp-content/uploads/2021/01/Lima-USB_14502_5-scaled.jpg,https://www.usb.nu/wp-content/uploads/2021/01/Lima-USB_14502_6-scaled.jpg,https://www.usb.nu/wp-content/uploads/2021/01/Lima-USB_14502_7-scaled.jpg,https://www.usb.nu/wp-content/uploads/2021/01/Lima-USB_14502_8-scaled.jpg,https://www.usb.nu/wp-content/uploads/2021/01/Lima-USB_14502_9-scaled.jpg,https://www.usb.nu/wp-content/uploads/2021/01/Lima-USB_14502_11-scaled.jpg",https://www.usb.nu/wp-content/uploads/2021/01/Lima-USB_14502_10-scaled.jpg,"<a href=""https://www.usb.nu/wp-content/uploads/2021/01/Lima-USB_14502_Pic.zip"" target=""_blank"" rel=""noopener"">Lima USB_14502_Pic</a>

<a href=""https://www.usb.nu/wp-content/uploads/2021/01/14502_USB-Lima_SIM.pdf"" target=""_blank"" rel=""noopener"">14502_USB Lima_SIM</a>

<a href=""https://www.usb.nu/wp-content/uploads/2021/01/14502-Declaration-of-Conformity.pdf"" target=""_blank"" rel=""noopener"">14502 Declaration of Conformity</a>",,725-sv,engraving-261-2b-2-2,"552-sv,karbinhake,650-sv,651-sv,551-sv","457-sv,454-sv,453-sv,452-sv,456-sv,901-sv","100 st",8523511000,Metall,22x7mm,Gravyr,Metall,1GB-64GB,8g,40x12x7mm,"USB 2.0","CE, Rohs, EMC",0.0,81,80,79,75,74,73,0.0,91,90,89,85,84,82,0.0,110,108,106,102,101,99,-,-,-,-,-,-,-,0.0,84,83,82,78,77,76,0.0,95,94,92,88,87,86,0.0,114,112,110,106,105,103,-,-,-,-,-,-,-,0.0,88,86,85,81,80,79,0.0,98,97,96,92,90,89,0.0,118,116,115,110,109,107,-,-,-,-,-,-,-,-,-,-,-,-,-,-,-,-,-,-,-,-,-,-,-,-,-,-,-,-,-,-,-,-,-,-,-,-,-,-,-,-,-,-,-,-,-,-,-,-,-,-,-,-,-,-,-,-,-,-,-,-,-,-,-,-,-,-,-,-,-,-,-,-,-,-,-,-,-,-,-,-,-,-,-,-,-,-,-,-,-,-,-,-,-,-,-
4,"Seoul USB 3.0",14501,,"Kompakt och smart USB-minne i 3,0 hastighet med både USB-A och Type-C. Integrerad karbinhake, smidig att hänga i nyckelknippan eller väskan.

Tillverkade i metall för lång livslängd.",14501,USB-minnen,"https://www.usb.nu/wp-content/uploads/2021/01/Seoul-USB_14501_6-scaled.jpg,https://www.usb.nu/wp-content/uploads/2021/01/Seoul-USB_14501_7-scaled.jpg,https://www.usb.nu/wp-content/uploads/2021/01/Seoul-USB_14501_8-scaled.jpg,https://www.usb.nu/wp-content/uploads/2021/01/Seoul-USB_14501_9-scaled.jpg,https://www.usb.nu/wp-content/uploads/2021/01/Seoul-USB_14501_1-1-scaled.jpg,https://www.usb.nu/wp-content/uploads/2021/01/Seoul-USB_14501_2-1-scaled.jpg,https://www.usb.nu/wp-content/uploads/2021/01/Seoul-USB_14501_3-1-scaled.jpg,https://www.usb.nu/wp-content/uploads/2021/01/Seoul-USB_14501_4-1-scaled.jpg,https://www.usb.nu/wp-content/uploads/2021/01/Seoul-USB_14501_5-1-scaled.jpg",https://www.usb.nu/wp-content/uploads/2021/01/Seoul-USB_14501_8-scaled.jpg,"<a href=""https://www.usb.nu/wp-content/uploads/2021/01/Seoul-USB_14501_Pics.zip"" target=""_blank"" rel=""noopener"">Seoul USB_14501_Pics</a>

<a href=""https://www.usb.nu/wp-content/uploads/2021/01/14501_USB-Seoul_SIM.pdf"" target=""_blank"" rel=""noopener"">14501_USB Seoul_SIM</a>",,720-sv,260-1b-sv,"552-sv,karbinhake,650-sv,651-sv,551-sv","457-sv,454-sv,453-sv,452-sv,456-sv,901-sv","100 st",8523511000,Metall,21x7mm,Gravyr,Metall,1GB-64GB,11g,50x14x7mm,"USB 3.0","CE, Rohs, EMC",0.0,84,82,81,78,76,75,0.0,94,92,91,87,86,84,0.0,112,110,108,104,103,101,-,-,-,-,-,-,-,0.0,87,86,84,81,79,78,0.0,97,96,94,91,89,88,0.0,116,114,113,109,107,105,-,-,-,-,-,-,-,0.0,90,89,87,84,83,81,0.0,101,100,98,94,93,91,0.0,120,119,117,113,111,110,-,-,-,-,-,-,-,-,-,-,-,-,-,-,-,-,-,-,-,-,-,-,-,-,-,-,-,-,-,-,-,-,-,-,-,-,-,-,-,-,-,-,-,-,-,-,-,-,-,-,-,-,-,-,-,-,-,-,-,-,-,-,-,-,-,-,-,-,-,-,-,-,-,-,-,-,-,-,-,-,-,-,-,-,-,-,-,-,-,-,-,-,-,-,-
5,"Dublin USB 3.0",14500,,"Kompakt och smart USB-minne i 3,0 hastighet med både USB-A och Type-C kontakt.

Tillverkade i metall för lång livslängd.",14500,USB-minnen,"https://www.usb.nu/wp-content/uploads/2021/01/USB-Dublin_14500_8-1-scaled.jpg,https://www.usb.nu/wp-content/uploads/2021/01/USB-Dublin_14500_7-1-scaled.jpg,https://www.usb.nu/wp-content/uploads/2021/01/USB-Dublin_14500_2-1-scaled.jpg,https://www.usb.nu/wp-content/uploads/2021/01/USB-Dublin_14500_4-1-scaled.jpg",https://www.usb.nu/wp-content/uploads/2021/01/USB-Dublin_14500_5-1.jpg,"<a href=""https://www.usb.nu/wp-content/uploads/2021/01/USB-Dublin_14500_Pics.zip"" target=""_blank"" rel=""noopener"">USB Dublin_14500_Pics</a>

<a href=""https://www.usb.nu/wp-content/uploads/2021/01/14500_USB-Dublin_SIM.pdf"" target=""_blank"" rel=""noopener"">14500_USB Dublin_SIM</a>

<a href=""https://www.usb.nu/wp-content/uploads/2021/01/14500-Declaration-of-Conformity.pdf"" target=""_blank"" rel=""noopener"">14500-Declaration-of-Conformity</a>",,720-sv,260-1b-sv,"552-sv,karbinhake,650-sv,651-sv,551-sv","457-sv,454-sv,453-sv,452-sv,456-sv,901-sv","100 st",8523511000,Metall,,Gravyr,Metall,16GB-64GB,6g,38x12x7mm,"USB 3.0","CE, Rohs, EMC",0.0,80,78,77,74,73,71,0.0,90,88,87,83,82,81,0.0,108,106,105,101,99,97,-,-,-,-,-,-,-,0.0,83,82,80,77,76,74,0.0,93,92,91,87,85,84,0.0,112,110,109,105,103,102,-,-,-,-,-,-,-,0.0,86,85,83,80,79,77,0.0,97,95,94,90,89,88,0.0,116,115,113,109,107,106,-,-,-,-,-,-,-,-,-,-,-,-,-,-,-,-,-,-,-,-,-,-,-,-,-,-,-,-,-,-,-,-,-,-,-,-,-,-,-,-,-,-,-,-,-,-,-,-,-,-,-,-,-,-,-,-,-,-,-,-,-,-,-,-,-,-,-,-,-,-,-,-,-,-,-,-,-,-,-,-,-,-,-,-,-,-,-,-,-,-,-,-,-,-,-
6,"USB LED Light",13704,,"USB LED Light ett nytt tänk. Tufft litet USB med push out funktion. Logon lyser upp i LED när man pluggar minnet i datorn!",13704,USB-minnen,"https://www.usb.nu/wp-content/uploads/2020/08/USB-LED_13704_2-scaled.jpg,https://www.usb.nu/wp-content/uploads/2020/08/USB-LED_13704_3-scaled.jpg,https://www.usb.nu/wp-content/uploads/2020/08/USB-LED_13704_4-scaled.jpg,https://www.usb.nu/wp-content/uploads/2020/08/USB-LED_13704_5-scaled.jpg",https://www.usb.nu/wp-content/uploads/2020/08/USB-LED_13704_1-scaled.jpg,"<a href=""https://www.usb.nu/wp-content/uploads/2020/08/USB-LED_13704_Pics.zip"" target=""_blank"" rel=""noopener"">USB LED_13704_Pics</a>

<a href=""https://www.usb.nu/wp-content/uploads/2020/08/USB-LED-Light_13704_SIM.pdf"" target=""_blank"" rel=""noopener"">USB LED Light_13704_SIM</a>",,725-sv,-,-,901-sv,-,-,-,-,-,-,-,-,-,-,-,0.0,69,68,67,63,62,61,0.0,79,75,76,72,71,69,0.0,94,92,91,87,85,83,-,-,-,-,-,-,-,0.0,72,71,69,66,64,63,0.0,82,81,79,75,74,72,0.0,98,96,94,90,88,87,-,-,-,-,-,-,-,0.0,75,74,72,68,67,66,0.0,85,84,82,78,77,75,0.0,101,100,98,94,92,90,-,-,-,-,-,-,-,0.0,63,62,60,57,56,54,0.0,64,63,62,58,57,56,0.0,66,65,63,60,58,57,0.0,67,66,65,61,60,59,0.0,65,64,63,59,58,56,0.0,66,65,64,60,59,58,0.0,68,67,66,62,61,59,0.0,70,69,67,64,62,61,0.0,68,67,65,61,60,59,0.0,69,68,66,63,61,60,0.0,71,70,68,64,63,62,0.0,72,71,70,66,64,63,-,-,-,-
7,"Twist Type C",13703,,"Modernaste Twist USB med senaste kontakten för USB Type C datorer.",13703,USB-minnen,"https://www.usb.nu/wp-content/uploads/2020/08/USB-Twist-TYPE-C_13703_2-scaled.jpg,https://www.usb.nu/wp-content/uploads/2020/08/USB-Twist-TYPE-C_13703_3-scaled.jpg,https://www.usb.nu/wp-content/uploads/2020/08/USB-Twist-TYPE-C_13703_4-3-scaled.jpg",https://www.usb.nu/wp-content/uploads/2020/08/USB-Twist-TYPE-C_13703_1-scaled.jpg,"<a href=""https://www.usb.nu/wp-content/uploads/2020/08/13703_USB-Twist-Type-C_SIM.pdf"">13703_USB Twist Type C_SIM</a>

<a href=""https://www.usb.nu/wp-content/uploads/2020/08/USB-Twist-TYPE-C_13703_Pics.zip"" target=""_blank"" rel=""noopener"">USB Twist TYPE C_13703_Pics</a>

<a href=""https://www.usb.nu/wp-content/uploads/2020/08/13703-Declaration-of-Conformity.pdf"" target=""_blank"" rel=""noopener"">13703 Declaration of Conformity</a>",,"720-sv,191-sv,192-sv,193-sv,213-13s-sv","260-1b-sv,195-sv,196-sv,197-sv,267-13-2s-sv",-,"egen-design-ask-13691,411-sv,457-sv,453-sv,452-sv,456-sv,901-sv","100 st",8523511000,"Svart. Från 1000st silver, röd, blå, vit, grön",25x14mm,"Screen, Fullfärgstryck, Lasergravyr","PC och aluminium",8GB-128GB,15g,57x19x10mm,-,"CE, Rohs, EMC",0.0,61,60,59,56,55,54,0.0,66,65,64,61,60,59,0.0,81,80,79,75,74,73,-,-,-,-,-,-,-,0.0,63,62,61,58,57,56,0.0,69,68,67,63,62,62,0.0,84,83,82,78,77,76,-,-,-,-,-,-,-,0.0,66,65,64,60,59,59,0.0,71,70,69,66,65,64,0.0,87,86,85,81,80,79,-,-,-,-,-,-,-,-,-,-,-,-,-,-,-,-,-,-,-,-,-,-,-,-,-,-,-,-,0.0,58,57,56,53,52,51,-,-,-,-,-,-,-,-,-,-,-,-,-,-,-,-,-,-,-,-,-,0.0,60,59,58,55,54,53,-,-,-,-,-,-,-,-,-,-,-,-,-,-,-,-,-,-,-,-,-,0.0,62,61,60,57,56,55,-,-,-,-
8,"4in1 USB OTG",13661,,"Ett USB där man på ett superenkelt sätt kan flytta eller spara bilder, dokument eller filer mellan telefoner eller mellan en dator och en telefon. Inga sladdar behövs. Plugga in USB rakt in i telefonen eller datorn och börja flytta/spara dina foton eller filer.

Fungerar perfekt för iPhone. Ladda ner appen i app store och du är igång på ett ögonblick. För Android-telefoner behövs ingen app.

Ett USB minne som det skall vara.",13661,USB-minnen,"https://www.usb.nu/wp-content/uploads/2019/08/4in1-USB-OTG_13661_4.jpg,https://www.usb.nu/wp-content/uploads/2019/08/4in1-USB-OTG_13661_3.jpg,https://www.usb.nu/wp-content/uploads/2019/08/4in1-USB-OTG_13661_2.jpg",https://www.usb.nu/wp-content/uploads/2019/08/4in1-USB-OTG_13661_1.jpg,"<a href=""https://www.usb.nu/wp-content/uploads/2019/08/4in1-USB-OTG_13661_Pic-1.zip"" target=""_blank"" rel=""noopener"">4in1 USB OTG_13661_Pic</a>

<a href=""https://www.usb.nu/wp-content/uploads/2019/08/4in1-USB-OTG_13662_SIM.pdf"" target=""_blank"" rel=""noopener"">4in1 USB OTG_13662_SIM</a>

<a href=""https://www.usb.nu/wp-content/uploads/2019/08/4in1-USB-OTG_13661_SW_EN_manual-2.pdf"" target=""_blank"" rel=""noopener"">4in1 USB OTG_13661_SW_EN_manual</a>",,725-sv,261-2b-sv,-,735-sv,"100 st",8523511000,"Rostfritt stål",22x10mm,"Fullfärgstryck, lasergravyr",Metall,"64GB - 256GB",48g,64x15x10mm,"Standard USB","CE, Rohs, EMC",-,-,-,-,-,-,-,-,-,-,-,-,-,-,-,-,-,-,-,-,-,-,-,-,-,-,-,-,-,-,-,-,-,-,-,-,-,-,-,-,-,-,-,-,-,-,-,-,-,-,-,-,-,-,-,-,0.0,128,126,124,,,,0.0,136,134,132,,,,0.0,173,171,168,,,,-,-,-,-,-,-,-,-,-,-,-,-,-,-,-,-,-,-,-,-,-,-,-,-,-,-,-,-,-,-,-,-,-,-,-,-,-,-,-,-,-,-,-,-,-,-,-,-,-,-,-,-,-,-,-,-,-,-,-,-,-,-,-,-,-,-,-,-,-,-,-,-,-,-,-,-,-,-,-,-,-,-,-,-,-,-,-,-,-,-,-,-,-,-,-
9,"Twist Colour USB",11291,"Twist, världens mest sålda USB-modell! Med en enkel TWIST gör du minnet klart att sätta i USB-porten. Mot tillägg kan metallbygel och gummidel fås i valfri PMS-färg. Denna modell ger dig alla möjligheter till en unik design.","Twist, världens mest sålda USB-modell nu med färgad bygel som standard! Med en enkel TWIST gör du minnet klart att sätta i USB-porten. Mot tillägg kan metallbygel och gummidel fås i valfri PMS-färg. Denna modell ger dig alla möjligheter till en unik design.",11291,USB-minnen,"https://www.usb.nu/wp-content/uploads/2019/06/Twist-Colour-8.jpg,https://www.usb.nu/wp-content/uploads/2019/06/Twist-Colour-9.jpg,https://www.usb.nu/wp-content/uploads/2019/06/Twist-Colour-10.jpg,https://www.usb.nu/wp-content/uploads/2019/06/Twist-Colour-11.jpg,https://www.usb.nu/wp-content/uploads/2019/06/Twist-Colour-12.jpg",https://www.usb.nu/wp-content/uploads/2019/06/Twist-Colour-MAIN10001000-1.jpg,"<a href=""http://www.usb.nu/wp-content/uploads/2019/06/Twist-Colour-Pictures.zip"">Twist Colour Pictures</a>

<a href=""https://www.usb.nu/wp-content/uploads/2019/06/Twist-Colour-Simulation-20150413.pdf"">Twist Colour Simulation 20150413</a>",,"720-sv,191-sv,192-sv,193-sv,198-sv","260-1b-sv,195-sv,196-sv,197-sv,199-sv","552-sv,karbinhake,650-sv,651-sv,551-sv","457-sv,454-sv,453-sv,452-sv,456-sv,901-sv","100 st",8523511000,"Klips: Svart,röd,blå.grön. Kropp:Vit,svart,blå,röd,grön",25x14mm,"Screen, Fullfärgstryck, Lasergravyr","Polycarbonat, Aluminium",1GB-64GB,15g,57x19x10mm,"USB 2.0","CE, Rohs, EMC",0.0,45,39,37,33,32,31,0.0,48,41,39,35,34,33,0.0,49,43,40,37,36,35,-,-,-,-,-,-,-,0.0,52,45,43,39,38,37,0.0,54,48,45,41,40,39,0.0,56,49,47,43,42,41,-,-,-,-,-,-,-,0.0,60,54,51,47,46,45,0.0,63,56,53,49,48,47,0.0,65,58,55,51,50,49,-,-,-,-,-,-,-,0.0,39,33,31,27,26,25,0.0,39,33,31,27,26,26,0.0,40,34,31,28,27,26,0.0,41,35,33,29,28,28,0.0,45,39,36,33,32,31,0.0,46,39,37,33,32,31,0.0,46,40,37,33,32,32,0.0,48,41,39,35,34,33,0.0,54,47,44,40,39,39,0.0,54,47,45,41,40,39,0.0,55,48,45,41,40,39,0.0,56,50,47,43,42,41,-,-,-,-
10,"Own Design USB",900,"Allt är möjligt! Nu kan vi släppa alla gränser på färg och form. Endast fantasi sätter gränserna. Vi ordnar skisser och förslag till just ditt USB-minne. Enkelt och annorlunda! Våga prova, det kan bli ett mycket uppskattat USB-minne som sätter er profil. Välj egen design i 2D eller 3D.","Ett eget USB minne! Ja varför inte! Nu kan du släppa alla gränser på färg och form. Endast fantasi sätter gränserna. Vi ordnar skisser och förslag till just ditt USB-minne. Enkelt och annorlunda! Våga prova, det kommer sticka ut garanterat!

<strong>Alla designer är individuellt prissatta.</strong>
<em>Exempelpriset gäller designen på huvudbilden (gul och svarta lastaren).</em>",900,"Egen design,USB-minnen","https://www.usb.nu/wp-content/uploads/2019/06/900_Own-design_USB_1c-scaled.jpg,https://www.usb.nu/wp-content/uploads/2019/06/900_Own-design_USB_10.jpg,https://www.usb.nu/wp-content/uploads/2019/06/900_Own-design_USB_12.jpg,https://www.usb.nu/wp-content/uploads/2019/06/900_Own-design_USB_4-scaled.jpg,https://www.usb.nu/wp-content/uploads/2019/06/900_Own-design_USB_2-scaled.jpg,https://www.usb.nu/wp-content/uploads/2019/06/900_Own-design_USB_3-scaled.jpg,https://www.usb.nu/wp-content/uploads/2019/06/900_Own-design_USB_6-scaled.jpg,https://www.usb.nu/wp-content/uploads/2019/06/900_Own-design_USB_7-scaled.jpg,https://www.usb.nu/wp-content/uploads/2019/06/900_Own-design_USB_9.jpg,https://www.usb.nu/wp-content/uploads/2019/06/900_Own-design_USB_11-scaled.jpg,https://www.usb.nu/wp-content/uploads/2019/06/Own-design_Production_1.jpg,https://www.usb.nu/wp-content/uploads/2019/06/Own-design_Production_6.jpg,https://www.usb.nu/wp-content/uploads/2019/06/Own-design_Production_5.jpg,https://www.usb.nu/wp-content/uploads/2019/06/Own-design_Production_3.jpg,https://www.usb.nu/wp-content/uploads/2019/06/Own-design_Production_2.jpg,https://www.usb.nu/wp-content/uploads/2019/06/Own-design_Production_7.jpg",https://www.usb.nu/wp-content/uploads/2019/06/900_Own-design_USB_1-scaled.jpg,"<a href=""https://www.usb.nu/wp-content/uploads/2019/06/900_Own-design_USB_PIC.zip"" target=""_blank"" rel=""noopener"">900_Own design_USB_PIC</a>

<a href=""https://www.usb.nu/wp-content/uploads/2019/06/900-Declaration-of-Conformity-1.pdf"" target=""_blank"" rel=""noopener"">900 Declaration of Conformity</a>",,-,-,-,-,100st,-,-,"Enligt Design","Enligt design, screen, fullfärgstryck","Mjuk PVC",-,"Enligt design","Enligt design","USB 2.0-USB 3.0",-,-,-,-,-,-,-,-,-,-,-,-,-,-,-,-,-,-,-,-,-,-,-,-,-,-,-,-,-,-,-,-,-,-,-,-,-,-,-,-,-,-,-,-,-,-,-,-,-,-,-,-,-,-,-,-,-,-,-,-,-,-,-,-,-,-,-,-,-,-,-,-,-,-,-,-,-,-,-,-,-,-,-,-,-,-,-,-,-,-,-,-,-,-,-,-,-,-,-,-,-,-,-,-,-,-,-,-,-,-,-,-,-,-,-,-,-,-,-,-,-,-,-,-,-,-,-,0.0,86,74,,,,,0.0,89,77,,,,,-,-,-,-,-,-,-,-,-,-,-,-,-,-,-,-,-,-,-,-,-,-,-,-,-,-,-,-,own-design-2,8523511000,"Enligt Design","CE, Rohs, EMC"
11,"Slim card USB",10198,"Ännu ett USB minne i format som ett kreditkort. Har en mycket stor tryckyta och passar perfekt i plånboken eller i bröstfickan. Med ett enkelt klick far du fram USB kontakten. Levereras i snygg konstläderpouch. Priset är inkl. 1-färgstryck. Minsta antal med tryck 100st.","Ännu ett USB minne i format som ett kreditkort. Har en mycket stor tryckyta och passar perfekt i plånboken eller i bröstfickan. Med ett enkelt klick far du fram USB kontakten. Levereras i snygg konstläderpouch. Priset är inkl. 1-färgstryck. Minsta antal med tryck 100st.",10198,USB-minnen,"https://www.usb.nu/wp-content/uploads/2019/06/15bb7b8df8b358.jpg,https://www.usb.nu/wp-content/uploads/2019/06/15bb7b8e02cbbd.jpg,https://www.usb.nu/wp-content/uploads/2019/06/15bb7b8e0868bc.jpg,https://www.usb.nu/wp-content/uploads/2019/06/15bb7b8e1245a7.jpg,https://www.usb.nu/wp-content/uploads/2019/06/15bb7b8e1ac4d8.jpg,https://www.usb.nu/wp-content/uploads/2019/06/Slim-Card-4.jpg",https://www.usb.nu/wp-content/uploads/2019/06/15bb7b8ded3ddf.jpg,"<a href=""https://www.usb.nu/wp-content/uploads/2019/06/Slim-Card_10198_Pics.zip"" target=""_blank"" rel=""noopener"">Slim Card_10198_Pics</a>

<a href=""https://www.usb.nu/wp-content/uploads/2019/06/10198_USB-Slim-Card_SIM.pdf"" target=""_blank"" rel=""noopener"">10198_USB Slim Card_SIM</a>

<a href=""https://www.usb.nu/wp-content/uploads/2019/06/10198-Declaration-of-Conformity.pdf"" target=""_blank"" rel=""noopener"">10198 Declaration of Conformity</a>",,"715-sv,191-sv,192-sv,193-sv,198-sv","194-sv,195-sv,196-sv,197-sv,199-sv","650-sv,651-sv,551-sv",410-sv-2,-,8523511000,"Vit eller Svart",84x52mm,"Fullfärgstryck, tampo",Polykarbonat,-,"19 g","84x52,5x1,5mm","USB 2.0","CE, Rohs, EMC",0.0,39,38,38,35,34,34,0.0,41,40,39,36,36,35,-,-,-,-,-,-,-,-,-,-,-,-,-,-,0.0,41,40,39,36,36,35,0.0,42,41,41,38,37,37,-,-,-,-,-,-,-,-,-,-,-,-,-,-,0.0,42,41,41,38,37,37,0.0,44,43,42,39,39,38,-,-,-,-,-,-,-,-,-,-,-,-,-,-,0.0,34,33,33,30,29,29,0.0,34,34,33,31,30,30,0.0,36,35,35,32,31,31,0.0,37,37,36,33,33,32,0.0,35,34,34,31,30,30,0.0,36,35,35,32,31,31,0.0,37,37,36,33,33,32,0.0,39,38,38,35,34,34,0.0,36,36,35,32,32,31,0.0,37,36,36,33,32,32,0.0,39,38,38,35,34,34,0.0,40,40,39,36,36,35,-,-,-,-
12,"Key USB",10120,"Nyckeln till framgång! Ge dina kunder ett USB minne i form av en helgjuten nyckel i borstad matt aluminium. Usb kontakten belagd med skyddande yta. Kan mot offert även färgas in.","Nyckeln till framgång! Ge dina kunder ett USB minne i form av en helgjuten nyckel i borstad matt aluminium. Usb kontakten belagd med skyddande yta. Kan mot offert även färgas in.",10120,USB-minnen,"https://www.usb.nu/wp-content/uploads/2019/06/15bb7b73caf48b.jpg,https://www.usb.nu/wp-content/uploads/2019/06/15bb7b73d47532.jpg,https://www.usb.nu/wp-content/uploads/2019/06/15bb7b73dd51e1.jpg,https://www.usb.nu/wp-content/uploads/2019/06/15bb7b73e7a753.jpg",https://www.usb.nu/wp-content/uploads/2019/06/15bb7b73c124e9.jpg,"<a href=""http://www.usb.nu/wp-content/uploads/2019/06/Key-Pictures.zip"">Key Picture</a>

<a href=""https://www.usb.nu/wp-content/uploads/2019/06/Key-Simulation-20150916.pdf"">Key Simulation 20150916'</a>

<a href=""https://www.usb.nu/wp-content/uploads/2019/06/10120-Declaration-of-Conformity.pdf"" target=""_blank"" rel=""noopener"">10120 Declaration of Conformity</a>",,"720-sv,191-sv,192-sv,193-sv,198-sv","194-sv,195-sv,196-sv,197-sv,199-sv","552-sv,karbinhake,650-sv,651-sv,551-sv","556-sv,453-sv,452-sv,456-sv,901-sv","100 st",8523511000,Silver,37x9mm,"Screen, Fullfärgstryck, Lasergravyr",Aluminium,1GB-64GB,8g,23x57x3mm,"USB 2.0","CE, Rohs, EMC",0.0,37,37,36,33,33,32,0.0,41,41,40,37,37,36,-,-,-,-,-,-,-,-,-,-,-,-,-,-,0.0,39,38,38,35,34,34,0.0,43,42,42,39,38,38,-,-,-,-,-,-,-,-,-,-,-,-,-,-,0.0,40,40,39,36,36,35,0.0,45,44,43,40,40,39,-,-,-,-,-,-,-,-,-,-,-,-,-,-,0.0,31,31,30,28,27,27,0.0,32,31,31,28,27,27,0.0,32,31,31,28,28,27,0.0,34,33,33,30,29,29,0.0,32,32,31,29,28,28,0.0,33,32,32,29,28,28,0.0,33,33,32,29,29,29,0.0,35,34,34,31,30,30,0.0,34,33,33,30,29,29,0.0,34,33,33,30,30,29,0.0,34,34,33,31,30,30,0.0,36,36,35,32,32,31,-,-,-,-
13,"ECO smooth USB",11227,"Sober modell i trä med magneter som håller hatten på plats. Mjuka fasade kanter och polerad stor tryckyta.","Sober modell i trä med magneter som håller hatten på plats. Mjuka fasade kanter och polerad stor tryckyta.",11227,USB-minnen,"https://www.usb.nu/wp-content/uploads/2019/06/15bb7b80a4a503.jpg,https://www.usb.nu/wp-content/uploads/2019/06/15bb7b80ae067b.jpg,https://www.usb.nu/wp-content/uploads/2019/06/15bb7b80b77556.jpg,https://www.usb.nu/wp-content/uploads/2019/06/15bb7b80c0c512.jpg,https://www.usb.nu/wp-content/uploads/2019/06/15bb7b80ca48d2.jpg",https://www.usb.nu/wp-content/uploads/2019/06/15bb7b809a0da8.jpg,"<a href=""https://www.usb.nu/wp-content/uploads/2019/06/ECO-Smooth-Pictures.zip"">ECO Smooth Pictures</a>

<a href=""https://www.usb.nu/wp-content/uploads/2019/06/ECO-Smooth-Simulation_Art-no-11227.pdf"">ECO Smooth Simulation_Art no 11227</a>

<a href=""https://www.usb.nu/wp-content/uploads/2019/06/11227-Declaration-of-Conformity-1.pdf"" target=""_blank"" rel=""noopener"">11227 Declaration of Conformity</a>",,"720-sv,191-sv,192-sv,193-sv,198-sv","194-sv,195-sv,196-sv,197-sv,199-sv",-,750-sv,"100 st",8523511000,"Ljus, röd, mörkbrun",22x15mm,"Screen, Fullfärgstryck, Lasergravyr",Trä,1GB-64GB,45g,49x29x10mm,"USB 2.0","CE, Rohs, EMC",0.0,40,39,39,36,35,35,0.0,44,43,42,39,39,38,-,-,-,-,-,-,-,-,-,-,-,-,-,-,0.0,46,45,45,42,41,41,0.0,50,49,49,45,45,44,-,-,-,-,-,-,-,-,-,-,-,-,-,-,0.0,55,54,53,50,49,48,0.0,59,58,57,54,53,52,-,-,-,-,-,-,-,-,-,-,-,-,-,-,0.0,34,33,33,30,29,29,0.0,34,33,33,30,30,29,0.0,34,34,33,31,30,30,0.0,36,35,35,32,31,31,0.0,40,39,39,36,35,35,0.0,40,39,39,36,35,35,0.0,41,40,39,36,36,35,0.0,42,41,41,38,37,37,0.0,48,47,47,43,43,42,0.0,48,48,47,44,43,42,0.0,49,48,47,44,44,43,0.0,50,50,49,46,45,44,-,-,-,-
14,"Chicago USB",13573,"Stilrent minne i borstad aluminium med ögla för fäste i t.ex nyckelknippan.","Stilrent minne i borstad aluminium med ögla för fäste i t.ex nyckelknippan.",13573,USB-minnen,"https://www.usb.nu/wp-content/uploads/2019/06/15bb7b87d7b19c.jpg,https://www.usb.nu/wp-content/uploads/2019/06/15bb7b87e0fc0e.jpg,https://www.usb.nu/wp-content/uploads/2019/06/15bb7b87e9f056.jpg",https://www.usb.nu/wp-content/uploads/2019/06/15bb7b87ce07a3.jpg,"<a href=""https://www.usb.nu/wp-content/uploads/2019/06/Chicago-Pictures.zip"">Chicago Pictures</a>

<a href=""https://www.usb.nu/wp-content/uploads/2019/06/Chicago-Simulation-20161229.pdf"">Chicago Simulation 20161229</a>

<a href=""https://www.usb.nu/wp-content/uploads/2019/06/13573-Declaration-of-Conformity-1.pdf"" target=""_blank"" rel=""noopener"">13573 Declaration of Conformity</a>",,"720-sv,191-sv,192-sv,193-sv,198-sv","194-sv,195-sv,196-sv,197-sv,199-sv","552-sv,karbinhake,650-sv,651-sv,551-sv","556-sv,411-sv,453-sv,452-sv,456-sv,455-sv,901-sv","100 st",8523511000,Silver,8x24mm,"Screen, Fullfärgstryck,Lasergravyr",Aluminium,1GB-64GB,7g,12x43x5mm,"USB 2.0","CE, Rohs, EMC",0.0,39,38,38,35,34,34,0.0,41,40,39,36,36,35,-,-,-,-,-,-,-,-,-,-,-,-,-,-,0.0,41,40,39,36,36,35,0.0,42,41,41,38,37,37,-,-,-,-,-,-,-,-,-,-,-,-,-,-,0.0,42,41,41,38,37,37,0.0,44,43,42,39,39,38,-,-,-,-,-,-,-,-,-,-,-,-,-,-,0.0,34,33,33,30,29,29,0.0,34,34,33,31,30,30,0.0,36,35,35,32,31,31,0.0,37,37,36,33,33,32,0.0,35,34,34,31,30,30,0.0,36,35,35,32,31,31,0.0,37,37,36,33,33,32,0.0,39,38,38,35,34,34,0.0,36,36,35,32,32,31,0.0,37,36,36,333,32,32,0.0,39,38,38,35,34,34,0.0,40,40,39,36,36,35,-,-,-,-
15,"Wood cross USB",20076,"USB minne i snygg form av ett träkors. Hatten hålls fast av stavmagneter. Levereras med snygg läderrem.","USB minne i snygg form av ett träkors. Hatten hålls fast av stavmagneter. Levereras med snygg läderrem.",20076,USB-minnen,"https://www.usb.nu/wp-content/uploads/2019/06/15bb7b7677d4d6.jpg,https://www.usb.nu/wp-content/uploads/2019/06/15bb7b76803cc3.jpg,https://www.usb.nu/wp-content/uploads/2019/06/15bb7b7688a3a2.jpg",https://www.usb.nu/wp-content/uploads/2019/06/15bb7b766e0ce6.jpg,"<a href=""http://www.usb.nu/wp-content/uploads/2019/06/Wood-Cross-Pictures.zip"">Wood Cross Pictures</a>

<a href=""https://www.usb.nu/wp-content/uploads/2019/06/20076_USB-Wood-Cross_SIM.pdf"" target=""_blank"" rel=""noopener"">20076_USB Wood Cross_SIM</a>

<a href=""https://www.usb.nu/wp-content/uploads/2019/06/20076-Declaration-of-Conformity.pdf"" target=""_blank"" rel=""noopener"">20076 Declaration of Conformity</a>",,"720-sv,191-sv,192-sv,193-sv,198-sv","194-sv,195-sv,196-sv,197-sv,199-sv","552-sv,karbinhake,650-sv,651-sv,551-sv",-,"100 st",8523511000,Ljusbrun,25x10mm,"Screen, Fullfärgstryck, Lasergravyr","Lönn trä",1GB-64GB,12g,64x38x10mm,"USB 2.0","CE, Rohs, EMC",0.0,40,39,39,36,35,35,0.0,44,43,42,39,39,38,-,-,-,-,-,-,-,-,-,-,-,-,-,-,0.0,46,45,45,42,41,41,0.0,50,49,49,46,45,44,-,-,-,-,-,-,-,-,-,-,-,-,-,-,0.0,55,54,53,50,49,48,0.0,59,58,57,54,53,52,-,-,-,-,-,-,-,-,-,-,-,-,-,-,0.0,34,33,33,30,29,29,0.0,34,33,33,30,30,29,0.0,34,34,33,31,30,30,0.0,36,35,35,32,31,31,0.0,40,39,39,36,35,35,0.0,40,39,39,36,35,35,0.0,41,40,39,36,36,35,0.0,42,41,41,38,37,37,0.0,48,47,47,43,43,42,0.0,48,48,47,44,43,42,0.0,49,48,47,44,44,43,0.0,50,50,49,46,45,44,-,-,-,-
16,"Twist metal USB",20038,"Klassiker i en ny tappning. Minnet är tillverkat helt i metall vilket gör det extremt hållbart. Vi rekommenderar lasergravyr på detta minne men det går även bra med tryck!","Klassiker i en ny tappning. Minnet är tillverkat helt i metall vilket gör det extremt hållbart. Vi rekommenderar lasergravyr på detta minne men det går även bra med tryck!",20038,USB-minnen,"https://www.usb.nu/wp-content/uploads/2019/06/15bb7b82ee26a3.jpg,https://www.usb.nu/wp-content/uploads/2019/06/15bb7b82f6d8d2.jpg,https://www.usb.nu/wp-content/uploads/2019/06/15bb7b8301df5e.jpg,https://www.usb.nu/wp-content/uploads/2019/06/15bb7b830afe32.jpg,https://www.usb.nu/wp-content/uploads/2019/06/15bb7b8314b492.jpg",https://www.usb.nu/wp-content/uploads/2019/06/15bb7b82e42dc8.jpg,"<a href=""http://www.usb.nu/wp-content/uploads/2019/06/Twist-Metal-Pictures.zip"">Twist Metal Pictures</a>

<a href=""https://www.usb.nu/wp-content/uploads/2019/06/Twist-Metal-Simulation-20150303.pdf"">Twist Metal Simulation 20150303</a>

<a href=""https://www.usb.nu/wp-content/uploads/2019/06/20038-Declaration-of-Conformity-1.pdf"" target=""_blank"" rel=""noopener"">20038 Declaration of Conformity</a>",,"720-sv,191-sv,192-sv,193-sv,198-sv","261-2b-sv,195-sv,196-sv,197-sv,199-sv","552-sv,karbinhake,650-sv,651-sv,551-sv","457-sv,454-sv,453-sv,452-sv,456-sv,901-sv","100 st",8523511000,Silver,25x14mm,"Screen, Fullfärgstryck, Lasergravyr",Aluminium,1GB-64GB,15g,54x17x9mm,"USB 2.0","CE, Rohs, EMC",0.0,40,39,39,36,35,35,0.0,44,43,42,39,39,38,-,-,-,-,-,-,-,-,-,-,-,-,-,-,0.0,46,45,45,42,41,41,0.0,50,49,49,46,45,44,-,-,-,-,-,-,-,-,-,-,-,-,-,-,0.0,55,54,53,50,49,48,0.0,59,58,57,54,53,52,-,-,-,-,-,-,-,-,-,-,-,-,-,-,0.0,34,33,33,30,29,29,0.0,34,33,33,30,30,29,0.0,34,34,33,32,31,31,0.0,36,35,35,32,31,31,0.0,40,39,39,36,35,35,0.0,40,39,39,36,35,35,0.0,41,40,39,36,36,35,0.0,42,41,41,38,37,37,0.0,48,47,47,43,43,42,0.0,48,48,47,44,43,42,0.0,49,48,47,44,44,43,0.0,50,50,49,46,45,44,-,-,-,-
17,"Twist 3.0 USB",13519,"Omåttligt populära Twist - nu med USB 3.0 med upp till 10 gånger snabbare läs- och skrivhastighet. Med en enkel Twist gör du minnet klart att sätta i USB-porten.","Omåttligt populära Twist - nu med USB 3.0 med upp till 10 gånger snabbare läs- och skrivhastighet. Med en enkel Twist gör du minnet klart att sätta i USB-porten.",13519,USB-minnen,"https://www.usb.nu/wp-content/uploads/2019/06/15bb7b82521d41.jpg,https://www.usb.nu/wp-content/uploads/2019/06/15bb7b825b956f.jpg,https://www.usb.nu/wp-content/uploads/2019/06/15bb7b82650ff7.jpg,https://www.usb.nu/wp-content/uploads/2019/06/15bb7b826d75c3.jpg",https://www.usb.nu/wp-content/uploads/2019/06/15bb7b82482ba5.jpg,"<a href=""http://www.usb.nu/wp-content/uploads/2019/06/Twist-30-Pictures.zip"">Twist 30 Pictures</a>

<a href=""https://www.usb.nu/wp-content/uploads/2019/06/Twist-3.0-Simulation-art-no-13519.pdf"">Twist 3.0 Simulation art no 13519</a>

<a href=""https://www.usb.nu/wp-content/uploads/2019/06/13519-Declaration-of-Conformity-1.pdf"" target=""_blank"" rel=""noopener"">13519 Declaration of Conformity</a>",,"720-sv,191-sv,192-sv,193-sv,198-sv","194-sv,260-1b-sv,195-sv,196-sv,197-sv,199-sv","552-sv,karbinhake,650-sv,651-sv,551-sv","458-sv,454-sv,453-sv,452-sv,456-sv,455-sv,901-sv","100 st",8523511000,"Silver, vit, svart, blå, röd, grön",25x14mm,"Screen, Fullfärgstryck, Lasergravyr","Polycarbonat, Aluminium",1GB-64GB,15g,57x19x10mm,"USB 3.0","CE, Rohs, EMC",0.0,0.0,0.0,0.0,0.0,0.0,0.0,0.0,0.0,0.0,0.0,0.0,0.0,0.0,0.0,0.0,0.0,0.0,0.0,0.0,0.0,-,-,-,-,-,-,-,0.0,55,54,53,50,50,49,0.0,58,57,57,53,53,52,0.0,79,78,77,74,72,71,-,-,-,-,-,-,-,0.0,57,56,55,52,51,51,0.0,60,60,59,55,55,54,0.0,82,81,80,76,75,74,-,-,-,-,-,-,-,0.0,0.0,0.0,0.0,0.0,0.0,0.0,0.0,0.0,0.0,0.0,0.0,0.0,0.0,0.0,0.0,0.0,0.0,0.0,0.0,0.0,0.0,0.0,0.0,0.0,0.0,0.0,0.0,-,-,-,-,-,-,-,-,-,-,-,-,-,-,-,-,-,-,-,-,-,0.0,52,51,50,47,46,46,-,-,-,-,-,-,-,-,-,-,-,-,-,-,-,-,-,-,-,-,-,0.0,54,53,52,49,48,48,-,-,-,-
18,"Cool metal USB",13416,"Tufft och robust USB minne i aluminium!","Tufft och robust USB minne i aluminium!",13416,"USB-minnen,Hemma/Kontor","https://www.usb.nu/wp-content/uploads/2019/06/13416_Cool-Metal_1b-1-scaled.jpg,https://www.usb.nu/wp-content/uploads/2019/06/13416_Cool-Metal_12b-1-scaled.jpg,https://www.usb.nu/wp-content/uploads/2019/06/13416_Cool-Metal_12-1-scaled.jpg,https://www.usb.nu/wp-content/uploads/2019/06/13416_Cool-Metal_3-1-scaled.jpg,https://www.usb.nu/wp-content/uploads/2019/06/13416_Cool-Metal_4-1-scaled.jpg,https://www.usb.nu/wp-content/uploads/2019/06/13416_Cool-Metal_5-1-scaled.jpg",https://www.usb.nu/wp-content/uploads/2019/06/13416_Cool-Metal_1.jpg,"<a href=""https://www.usb.nu/wp-content/uploads/2019/06/13416_Cool-Metal_Pics-1.zip"" target=""_blank"" rel=""noopener"">13416_Cool Metal_Pics</a>

<a href=""https://www.usb.nu/wp-content/uploads/2019/06/13416_Cool-Metal_SIM.pdf"" target=""_blank"" rel=""noopener"">13416_Cool Metal_SIM</a>

<a href=""https://www.usb.nu/wp-content/uploads/2019/06/13416-Declaration-of-Conformity-1.pdf"" target=""_blank"" rel=""noopener"">13416 Declaration of Conformity</a>",,"720-sv,191-sv,192-sv,193-sv,198-sv","194-sv,195-sv,196-sv,197-sv,199-sv","552-sv,karbinhake,650-sv,651-sv,551-sv","556-sv,411-sv,453-sv,452-sv,456-sv,455-sv,901-sv","100 st",8523511000,Silver,"14x9mm tryck, 24x9mm gravyr","Screen, Gravyr",Aluminium,1GB-64GB,10g,"38x12x4,5mm","USB 2.0","CE, Rohs, EMC",0.0,37,37,36,33,33,32,0.0,39,38,38,35,34,34,-,-,-,-,-,-,-,-,-,-,-,-,-,-,0.0,39,38,38,35,34,34,0.0,41,40,39,36,36,35,-,-,-,-,-,-,-,-,-,-,-,-,-,-,0.0,40,40,39,36,36,35,0.0,42,41,41,38,37,37,-,-,-,-,-,-,-,-,-,-,-,-,-,-,0.0,32,31,31,28,28,27,0.0,33,32,32,29,29,28,0.0,34,34,33,31,30,30,0.0,36,35,35,32,31,31,0.0,33,33,32,29,29,29,0.0,34,34,33,30,30,29,0.0,36,35,35,32,31,31,0.0,37,37,36,33,33,33,0.0,34,34,33,31,30,30,0.0,35,35,34,31,31,30,0.0,37,36,36,33,32,32,0.0,39,38,38,35,34,34,-,-,-,-
19,"Metal clip USB",13417,"Tufft och robust USB minne i en helt ny design!","Tufft och robust USB minne i en helt ny design!",13417,USB-minnen,"https://www.usb.nu/wp-content/uploads/2019/06/15bb7b7e85a1a0.jpg,https://www.usb.nu/wp-content/uploads/2019/06/15bb7b7e8e27d9.jpg,https://www.usb.nu/wp-content/uploads/2019/06/15bb7b7e97c5a8.jpg",https://www.usb.nu/wp-content/uploads/2019/06/15bb7b7e79c30a.jpg,"<a href=""https://www.usb.nu/wp-content/uploads/2019/06/Metal-Clip-Pictures.zip"">Metal Clip Pictures</a>

<a href=""https://www.usb.nu/wp-content/uploads/2019/06/Metal-Clip-USB_Art-no-13417.pdf"">Metal Clip USB_Art no 13417</a>",,"720-sv,191-sv,192-sv,193-sv,198-sv","194-sv,195-sv,196-sv,197-sv,199-sv","552-sv,karbinhake,551-sv","453-sv,452-sv,456-sv,455-sv,901-sv","100 st",8523511000,Silver,41x8mm,"Screen, Fullfärgstryck, Lasergravyr",Aluminium,1GB-64GB,10g,55x12x2mm,"USB 2.0","CE, Rohs, EMC",0.0,37,37,36,33,33,32,0.0,39,38,38,35,34,34,-,-,-,-,-,-,-,-,-,-,-,-,-,-,0.0,39,38,38,35,34,34,0.0,41,40,39,36,36,35,-,-,-,-,-,-,-,-,-,-,-,-,-,-,0.0,40,40,39,36,36,35,0.0,42,41,41,38,37,37,-,-,-,-,-,-,-,-,-,-,-,-,-,-,0.0,32,31,31,28,28,27,0.0,33,32,32,29,29,28,0.0,34,34,33,31,30,30,0.0,36,35,35,32,31,31,0.0,33,33,32,29,29,29,0.0,34,34,33,30,30,29,0.0,36,35,35,32,31,31,0.0,37,37,36,33,33,32,0.0,34,34,33,31,30,30,0.0,35,35,34,31,31,30,0.0,37,36,36,33,32,32,0.0,39,38,38,35,34,34,-,-,-,-
20,"Key house USB",13418,"Tufft och robust USB-minne i en helt ny design!","Tufft och robust USB-minne i en helt ny design!",13418,USB-minnen,"https://www.usb.nu/wp-content/uploads/2019/06/15bb7b7e54c2de.jpg,https://www.usb.nu/wp-content/uploads/2019/06/15bb7b7e5c762c.jpg,https://www.usb.nu/wp-content/uploads/2019/06/15bb7b7e663cfd.jpg,https://www.usb.nu/wp-content/uploads/2019/06/15bb7b7e70111b.jpg",https://www.usb.nu/wp-content/uploads/2019/06/15bb7b7e4bda82.jpg,"<a href=""https://www.usb.nu/wp-content/uploads/2019/06/Key-House-Pictures.zip"">Key House Pictures</a>

<a href=""https://www.usb.nu/wp-content/uploads/2019/06/Key-House-Simulation-20150916.pdf"">Key House Simulation 20150916</a>",,"720-sv,191-sv,192-sv,193-sv,198-sv","194-sv,195-sv,196-sv,197-sv,199-sv","552-sv,karbinhake,650-sv,651-sv,551-sv","556-sv,411-sv,453-sv,452-sv,456-sv,455-sv,901-sv","100 st",8523511000,Silver,35x9mm,"Screen, Fullfärgstryck, Lasergravyr",Aluminium,1GB-64GB,12g,55x28x3mm,"USB 2.0","CE, Rohs, EMC",0.0,42,41,41,38,37,37,0.0,44,43,42,39,39,38,-,-,-,-,-,-,-,-,-,-,-,-,-,-,0.0,44,43,42,39,39,38,0.0,45,45,44,41,40,40,-,-,-,-,-,-,-,-,-,-,-,-,-,-,0.0,45,45,44,41,40,40,0.0,47,46,46,43,42,41,-,-,-,-,-,-,-,-,-,-,-,-,-,-,0.0,37,36,36,33,32,32,0.0,37,37,36,33,33,32,0.0,39,38,38,35,34,34,0.0,41,40,39,36,36,35,0.0,38,38,37,34,34,33,0.0,39,38,38,35,34,34,0.0,41,40,39,36,36,35,0.0,42,41,41,38,37,37,0.0,39,39,38,35,35,34,0.0,40,40,39,36,36,35,0.0,42,41,41,38,37,37,0.0,44,43,42,39,39,38,-,-,-,-
21,"Twist USB",10019,"Twist, världens mest sålda USB-modell! Med en enkel TWIST gör du minnet klart att sätta i USB-porten. Mot tillägg kan metallbygel och gummidel fås i valfri PMS-färg. Denna modell ger dig alla möjligheter till en unik design.","Twist, världens mest sålda USB-modell! Med en enkel TWIST gör du minnet klart att sätta i USB-porten. Metallbygel och gummidel kan fås i valfri PMS-färg mot offert. Denna modell ger dig alla möjligheter till en unik design.",10019,USB-minnen,"https://www.usb.nu/wp-content/uploads/2019/06/15bb7b7db38e79.jpg,https://www.usb.nu/wp-content/uploads/2019/06/15bb7b7dbbba43.jpg,https://www.usb.nu/wp-content/uploads/2019/06/15bb7b7dc48b75.jpg",https://www.usb.nu/wp-content/uploads/2019/06/15bb7b7da8ccdf.jpg,"<a href=""http://www.usb.nu/wp-content/uploads/2019/06/Twist-Pictures.zip"">Twist Pictures'</a>

<a href=""https://www.usb.nu/wp-content/uploads/2019/06/Twist_10019_SIM.pdf"">Twist_10019_SIM</a>

<a href=""https://www.usb.nu/wp-content/uploads/2019/06/10019-Declaration-of-Conformity.pdf"">10019 Declaration of Conformity</a>",,"720-sv,191-sv,192-sv,193-sv,198-sv","260-1b-sv,195-sv,196-sv,197-sv,199-sv","552-sv,karbinhake,650-sv,651-sv,551-sv","457-sv,454-sv,453-sv,452-sv,456-sv,901-sv","100 st",8523511000,"Silver, vit, svart, blå, röd, grön",25x14mm,"Screen, Fullfärgstryck, Lasergravyr","Polycarbonat, Aluminium",1GB-64GB,15g,57x19x10mm,"USB 2.0","CE, Rohs, EMC",0.0,36,35,35,32,31,31,0.0,38,38,37,34,34,33,0.0,40,39,39,36,35,35,-,-,-,-,-,-,-,0.0,42,41,41,38,37,37,0.0,45,44,43,40,40,39,0.0,46,45,45,42,41,41,-,-,-,-,-,-,-,0.0,50,50,49,46,45,44,0.0,53,52,51,48,48,47,0.0,55,54,53,50,49,48,-,-,-,-,-,-,-,0.0,30,29,29,26,26,25,0.0,30,29,29,26,26,25,0.0,30,30,29,27,26,26,0.0,32,31,31,28,28,27,0.0,36,35,35,32,31,31,0.0,36,35,35,32,32,31,0.0,36,36,35,33,32,32,0.0,38,38,37,34,34,33,0.0,44,43,42,39,39,38,0.0,44,43,43,40,39,39,0.0,45,44,43,40,40,39,0.0,46,46,45,42,41,41,-,-,-,-
22,"Twist wood USB",20050,"Världens mest sålda USB minne i en miljövänlig variant! Med eller utan nyckelring.","Världens mest sålda USB minne i en miljövänlig variant! Med eller utan nyckelring.",20050,USB-minnen,"https://www.usb.nu/wp-content/uploads/2019/06/15bb7b7b9ce0ce.jpg,https://www.usb.nu/wp-content/uploads/2019/06/15bb7b7ba72c58.jpg,https://www.usb.nu/wp-content/uploads/2019/06/15bb7b7bb205f9.jpg,https://www.usb.nu/wp-content/uploads/2019/06/Paper-box-recycled.jpg",https://www.usb.nu/wp-content/uploads/2019/06/15bb7b7b936f8d.jpg,"<a href=""http://www.usb.nu/wp-content/uploads/2019/06/Twist-Wood-Pictures.zip"">Twist Wood Pictures</a>

<a href=""https://www.usb.nu/wp-content/uploads/2019/06/Twist-Wood-Simulation-20150123.pdf"">Twist Wood Simulation 20150123</a>

<a href=""https://www.usb.nu/wp-content/uploads/2019/06/20050-Declaration-of-Conformity.pdf"" target=""_blank"" rel=""noopener"">20050 Declaration of Conformity</a>",,"720-sv,191-sv,192-sv,193-sv,198-sv","194-sv,261-2b-sv,195-sv,196-sv,197-sv,199-sv","552-sv,karbinhake,650-sv,651-sv,551-sv","556-sv,411-sv,750-sv,453-sv,452-sv,456-sv","100 st",8523511000,"Ljusbrun, mörkbrun, rosefärgad",48x18mm,"Screen, Fullfärgstryck, Lasergravyr","Bamboo,lönn,valnöt,roseträ",1GB-64GB,11g,63x22x12mm,"USB 2.0","CE, Rohs, EMC",0.0,40,39,39,36,35,35,0.0,44,43,42,39,39,38,-,-,-,-,-,-,-,-,-,-,-,-,-,-,0.0,46,45,45,42,41,41,0.0,50,49,49,46,45,44,-,-,-,-,-,-,-,-,-,-,-,-,-,-,0.0,55,54,53,50,49,48,0.0,59,58,57,54,53,52,-,-,-,-,-,-,-,-,-,-,-,-,-,-,0.0,34,33,33,30,29,29,0.0,34,33,33,30,30,29,0.0,34,34,33,31,30,30,0.0,36,35,35,32,31,31,0.0,40,39,39,36,35,35,0.0,40,39,39,36,35,35,0.0,41,40,39,36,36,35,0.0,42,41,41,38,37,37,0.0,48,47,47,43,43,42,0.0,48,48,47,44,43,42,0.0,49,48,47,44,44,43,0.0,50,50,49,46,45,44,-,-,-,-
23,"Nano clip USB",10219,"USB minne och gem i en och samma produkt! Den lätta vikten och dess smidighet har gjort denna modell populär. Fästes på tex visitkort, konferensblock eller offerter. Levereras med mobilstring.","USB minne och gem i en och samma produkt! Den lätta vikten och dess smidighet har gjort denna modell populär. Fästes på tex visitkort, konferensblock eller offerter. Levereras med mobilstring.",10219,USB-minnen,"https://www.usb.nu/wp-content/uploads/2019/06/10219_Nano-Clip-1.jpg,https://www.usb.nu/wp-content/uploads/2019/06/10219_Nano-Clip-2.jpg,https://www.usb.nu/wp-content/uploads/2019/06/10219_Nano-Clip-MAIN.jpg",https://www.usb.nu/wp-content/uploads/2019/06/10219_Nano-Clip-MAIN.jpg,"<a href=""https://www.usb.nu/wp-content/uploads/2019/06/10219_Nano-Clip-PIC.zip"" target=""_blank"" rel=""noopener"">10219_Nano Clip PIC</a>

<a href=""https://www.usb.nu/wp-content/uploads/2019/06/10219_USB-Nano-Clip_ARTW.pdf"" target=""_blank"" rel=""noopener"">10219_USB Nano Clip_ARTW</a>",,"720-sv,191-sv,192-sv,193-sv,198-sv","194-sv,195-sv,196-sv,197-sv,199-sv","552-sv,karbinhake,650-sv,651-sv,551-sv","453-sv,452-sv,456-sv,901-sv","100 st",8523511000,"Vit, svart, blå, röd","30x8mm Framsida 17x8mm Backsida","Screen, Fullfärgstryck",Polycarbonat,1GB-64GB,2g,38x12x4mm,"USB 2.0","CE, Rohs, EMC",0.0,37,36,36,33,32,32,0.0,38,38,37,34,34,33,-,-,-,-,-,-,-,-,-,-,-,-,-,-,0.0,38,38,37,34,34,33,0.0,40,39,39,36,35,35,-,-,-,-,-,-,-,-,-,-,-,-,-,-,0.0,39,39,38,35,3,534,0.0,41,41,40,37,36,36,-,-,-,-,-,-,-,-,-,-,-,-,-,-,0.0,31,31,30,28,27,27,0.0,32,31,31,28,28,27,0.0,34,33,33,30,29,29,0.0,35,35,34,31,31,30,0.0,32,32,31,29,28,28,0.0,33,33,32,29,29,29,0.0,35,34,34,31,30,30,0.0,36,36,35,33,32,32,0.0,34,33,33,30,29,29,0.0,34,34,33,31,30,30,0.0,36,36,35,32,32,31,0.0,38,37,37,34,33,33,-,-,-,-
24,"Mini USB",20060,"Tufft litet USB minne. Som mobilsmycke eller varför inte i nyckelringen? Lämpar sig utmärkt både till tryck och gravyr.","Tufft litet USB minne. Som mobilsmycke eller varför inte i nyckelringen? Lämpar sig utmärkt både till tryck och gravyr.",20060,USB-minnen,"https://www.usb.nu/wp-content/uploads/2019/06/15bb7b77a7a371.jpg,https://www.usb.nu/wp-content/uploads/2019/06/15bb7b77b16744.jpg,https://www.usb.nu/wp-content/uploads/2019/06/15bb7b77bab0c5.jpg",https://www.usb.nu/wp-content/uploads/2019/06/15bb7b779d7e3a.jpg,"<a href=""http://www.usb.nu/wp-content/uploads/2019/06/Mini-Pictures.zip"">Mini Pictures</a>

<a href=""https://www.usb.nu/wp-content/uploads/2019/06/Mini-Simulation-20150917_art-no-20060-1.pdf"">Mini Simulation 20150917_art no 20060</a>

<a href=""https://www.usb.nu/wp-content/uploads/2019/06/20060-Declaration-of-Conformity.pdf"" target=""_blank"" rel=""noopener"">20060 Declaration of Conformity</a>",,"720-sv,191-sv,192-sv,193-sv,198-sv","194-sv,195-sv,196-sv,197-sv,199-sv","552-sv,karbinhake,650-sv,651-sv,551-sv","453-sv,452-sv,456-sv,455-sv,901-sv","100 st",8523511000,"Silver, vit, svart, blå, röd, grön",20x7mm,"Screen, Fullfärgstryck, Lasergravyr",Aluminium,1GB-64GB,12g,29x12x5mm,"USB 2.0","CE, Rohs, EMC",0.0,37,36,36,33,32,32,0.0,38,38,37,34,33,33,-,-,-,-,-,-,-,-,-,-,-,-,-,-,0.0,38,38,37,34,34,33,0.0,40,39,39,36,35,35,-,-,-,-,-,-,-,-,-,-,-,-,-,-,0.0,39,39,38,35,35,34,32,36,36,35,32,32,31,-,-,-,-,-,-,-,-,-,-,-,-,-,-,0.0,31,31,30,28,27,27,0.0,32,31,31,28,28,27,0.0,34,33,33,30,29,29,0.0,35,35,34,31,31,30,0.0,32,32,31,29,28,28,0.0,33,33,32,29,29,29,0.0,35,34,34,31,30,30,0.0,36,36,35,33,32,32,0.0,34,33,33,30,29,29,0.0,34,34,33,31,30,30,-,-,-,-,-,-,-,0.0,38,37,37,34,33,33,-,-,-,-
25,"Magellan USB",11234,"Minne med twist-funktion. Smidigt twistas chipet ut. Mindre modell men med bra märkyta.","Minne med twist-funktion. Smidigt twistas chipet ut. Mindre modell men med bra märkyta.",11234,USB-minnen,"https://www.usb.nu/wp-content/uploads/2019/06/15bb7b7725573c.jpg,https://www.usb.nu/wp-content/uploads/2019/06/15bb7b772e8d84.jpg,https://www.usb.nu/wp-content/uploads/2019/06/15bb7b773774d5.jpg",https://www.usb.nu/wp-content/uploads/2019/06/15bb7b771be76b.jpg,"<a href=""https://www.usb.nu/wp-content/uploads/2019/06/Magellan-Pictures.zip"">Magellan Pictures</a>

<a href=""https://www.usb.nu/wp-content/uploads/2019/06/Magellan-Simulation-20150916.pdf"">Magellan Simulation 20150916</a>",,"720-sv,191-sv,192-sv,193-sv,198-sv","194-sv,195-sv,196-sv,197-sv,199-sv","552-sv,karbinhake,650-sv,651-sv,551-sv","454-sv,453-sv,452-sv,456-sv,455-sv,901-sv","100 st",8523511000,Silver,22x9mm,"Screen, Fullfärgstryck, Lasergravyr",Aluminium,1GB-64GB,5g,38x13x4mm,"USB 2.0","CE, Rohs, EMC",0.0,37,36,36,33,32,32,0.0,38,38,37,34,34,33,-,-,-,-,-,-,-,-,-,-,-,-,-,-,0.0,38,38,37,34,34,33,0.0,40,39,39,36,35,35,-,-,-,-,-,-,-,-,-,-,-,-,-,-,0.0,39,39,38,35,35,34,0.0,41,41,40,37,36,36,-,-,-,-,-,-,-,-,-,-,-,-,-,-,0.0,31,31,30,28,27,27,0.0,32,31,31,28,28,27,0.0,34,33,33,30,29,29,0.0,35,35,34,31,31,30,0.0,32,32,31,29,28,28,0.0,33,33,32,29,29,29,0.0,35,34,34,31,30,30,0.0,36,36,35,33,32,32,0.0,34,33,33,30,29,29,0.0,34,34,33,31,30,30,0.0,36,36,35,32,32,31,0.0,38,37,37,34,33,33,-,-,-,-
26,"Bling USB",10103,"USB minne med optimal tryckyta. Med kromade detaljer och en silkeslen gummerad yta.","USB minne med optimal tryckyta. Med kromade detaljer och en silkeslen gummerad yta.",10103,USB-minnen,"https://www.usb.nu/wp-content/uploads/2019/06/15bb7b763e9540.jpg,https://www.usb.nu/wp-content/uploads/2019/06/15bb7b764882f2.jpg,https://www.usb.nu/wp-content/uploads/2019/06/15bb7b7651c8e8.jpg,https://www.usb.nu/wp-content/uploads/2019/06/15bb7b765c04e8.jpg,https://www.usb.nu/wp-content/uploads/2019/06/15bb7b76654a17.jpg",https://www.usb.nu/wp-content/uploads/2019/06/15bb7b76354bac.jpg,"<a href=""https://www.usb.nu/wp-content/uploads/2019/06/Bling-Pictures.zip"" target=""_blank"" rel=""noopener"">Bling Pictures</a>

<a href=""https://www.usb.nu/wp-content/uploads/2019/06/Bling-Simulation_Art-no-10103_SIM.pdf"">Bling Simulation_Art no 10103_SIM</a>

&nbsp;",,"720-sv,191-sv,192-sv,193-sv,198-sv","194-sv,195-sv,196-sv,197-sv,199-sv","552-sv,karbinhake,650-sv,651-sv,551-sv","556-sv,411-sv,457-sv,453-sv,452-sv,456-sv,901-sv","100 st",8523511000,"Vit, svart, blå, röd, grön","18x9 alt. 18x13mm","Screen, Fullfärgstryck",Polycarbonat,1GB-64GB,10g,59x24x12mm,"USB 2.0","CE, Rohs, EMC",0.0,37,37,36,33,33,32,0.0,41,41,40,37,37,36,-,-,-,-,-,-,-,-,-,-,-,-,-,-,0.0,44,43,42,39,39,38,0.0,48,47,46,43,43,42,-,-,-,-,-,-,-,-,-,-,-,-,-,-,0.0,52,51,51,47,4746,59,0.0,56,55,55,51,51,50,-,-,-,-,-,-,-,-,-,-,-,-,-,-,0.0,31,31,30,28,27,27,0.0,32,31,31,28,27,27,0.0,32,31,31,28,28,27,0.0,34,33,33,30,29,29,0.0,37,37,36,33,33,32,0.0,38,37,36,34,33,32,0.0,38,38,37,34,34,33,0.0,40,39,39,36,35,35,0.0,45,45,44,41,40,40,0.0,46,45,44,41,41,40,0.0,46,46,45,42,41,41,0.0,48,47,47,43,43,42,-,-,-,-
27,"Rectangle USB",20014,"Ett fyrkantigt USB minne för naturens bästa! Helt i trä - ljus eller mörk färg. Lämplig att förse med antingen tryckt eller graverad logga.","Ett fyrkantigt USB minne för naturens bästa! Helt i trä - ljus eller mörk färg. Lämplig att förse med antingen tryckt eller graverad logga.",20014,USB-minnen,"https://www.usb.nu/wp-content/uploads/2019/06/15bb7b75c8406c.jpg,https://www.usb.nu/wp-content/uploads/2019/06/15bb7b75d187a7.jpg,https://www.usb.nu/wp-content/uploads/2019/06/15bb7b75db7ea0.jpg",https://www.usb.nu/wp-content/uploads/2019/06/15bb7b75b9be3b.jpg,"<a href=""https://www.usb.nu/wp-content/uploads/2019/06/Rectangle_USB_20014_-Pic.zip"">Rectangle_USB_20014_ Pic</a>

<a href=""https://www.usb.nu/wp-content/uploads/2019/06/Rectangle-Simulation-20170119.pdf"">Rectangle Simulation 20170119</a>",,"720-sv,191-sv,192-sv,193-sv,198-sv","194-sv,261-2b-sv,195-sv,197-sv",-,"556-sv,411-sv,750-sv,456-sv","100 st",8523511000,"Ljusbrun, mörkbrun, rödbrun",38x15mm,"Screen, Fullfärgstryck, Lasergravyr","Bamboo,lönn,valnöt",1GB-64GB,8g,61x18x10mm,"USB 2.0","CE, Rohs, EMC",0.0,40,39,39,36,35,35,0.0,44,43,42,39,39,38,-,-,-,-,-,-,-,-,-,-,-,-,-,-,0.0,46,45,45,42,41,41,0.0,50,49,49,46,45,44,-,-,-,-,-,-,-,-,-,-,-,-,-,-,0.0,55,54,53,50,49,48,0.0,59,58,57,54,53,52,-,-,-,-,-,-,-,-,-,-,-,-,-,-,0.0,34,33,33,30,29,29,0.0,34,33,33,30,30,29,0.0,34,34,33,31,30,30,0.0,36,35,35,32,31,31,0.0,40,39,39,36,35,35,0.0,40,39,39,36,35,35,0.0,41,40,39,36,36,35,0.0,42,41,41,38,37,37,0.0,48,47,47,43,43,42,0.0,48,48,47,44,43,42,0.0,49,48,47,44,44,43,0.0,50,50,49,46,45,44,-,-,-,-
28,"Oval wood USB",20075,"Spara dina filer på ett miljövänligt sätt! Oval Wood finns i olika träslag och även i bambu. Levereras med eller utan nyckelring. Lämplig både för tryck och gravyr.","Spara dina filer på ett miljövänligt sätt! Oval Wood finns i olika träslag och även i bambu. Levereras med eller utan nyckelring. Lämplig både för tryck och gravyr.",20075,USB-minnen,"https://www.usb.nu/wp-content/uploads/2019/06/15bb7b759cef83.jpg,https://www.usb.nu/wp-content/uploads/2019/06/15bb7b75a71a2c.jpg,https://www.usb.nu/wp-content/uploads/2019/06/15bb7b75b1498f.jpg",https://www.usb.nu/wp-content/uploads/2019/06/15bb7b7593660b.jpg,"<a href=""http://www.usb.nu/wp-content/uploads/2019/06/Oval-Wood-Pictures.zip"">Oval Wood Pictures</a>

<a href=""https://www.usb.nu/wp-content/uploads/2019/06/20075_USB-Oval-Wood_SIM.pdf"" target=""_blank"" rel=""noopener"">20075_USB Oval Wood_SIM</a>

<a href=""https://www.usb.nu/wp-content/uploads/2019/06/20075-Declaration-of-Conformity.pdf"" target=""_blank"" rel=""noopener"">20075 Declaration of Conformity</a>",,"720-sv,191-sv,192-sv,193-sv,198-sv","194-sv,195-sv,196-sv,197-sv,199-sv","552-sv,karbinhake,650-sv,651-sv,551-sv","556-sv,411-sv,750-sv,453-sv,452-sv,456-sv,455-sv","100 st",8523511000,"Ljusbrun, mörkbrun, rödbrun",27x14mm,"Screen, Fullfärgstryck, Lasergravyr","Bamboo,lönn,valnöt, rosenträ",1GB-64GB,14g,61x28x10mm,"USB 2.0","CE, Rohs, EMC",0.0,40,39,39,36,35,35,0.0,44,43,42,39,39,38,-,-,-,-,-,-,-,-,-,-,-,-,-,-,0.0,46,45,45,42,41,41,0.0,50,49,49,46,45,44,-,-,-,-,-,-,-,-,-,-,-,-,-,-,0.0,55,54,53,50,49,48,0.0,59,58,57,54,53,52,-,-,-,-,-,-,-,-,-,-,-,-,-,-,0.0,34,33,33,30,29,29,0.0,34,33,33,30,30,29,0.0,34,34,33,31,30,30,0.0,36,35,35,32,31,31,0.0,40,39,39,36,35,35,0.0,40,39,39,36,35,35,0.0,41,40,39,36,36,35,0.0,42,41,41,38,37,37,0.0,48,47,47,43,43,42,0.0,48,48,47,44,43,42,0.0,49,48,47,44,44,43,0.0,50,50,49,46,45,44,-,-,-,-
29,"ECO twist USB",10153,"Populära Twist även med miljötänk! Tillverkad av återvunnen plast. Finns i vit, svart eller egen pantone! På vit modell även möjligt med fullfärgstryck.","Populära Twist även med miljötänk! Tillverkad av återvunnen plast. Finns i vit, svart eller grön som standard, egen pantone möjlig från 500st! På vit modell även möjligt med fullfärgstryck.",10153,USB-minnen,"https://www.usb.nu/wp-content/uploads/2019/06/10153_ECO-Twist-Black.jpg,https://www.usb.nu/wp-content/uploads/2019/06/ECO-Twist-With-Logo-HI-1.jpg,https://www.usb.nu/wp-content/uploads/2019/06/ECO-Twist-HI-scaled.jpg,https://www.usb.nu/wp-content/uploads/2019/06/15bb7b757f037c.jpg",https://www.usb.nu/wp-content/uploads/2019/06/ECO-Twist-MAIN.jpg,"<a href=""https://www.usb.nu/wp-content/uploads/2019/06/10153_ECO-Twist_PIC.zip"" target=""_blank"" rel=""noopener"">10153_ECO Twist_PIC</a>

<a href=""https://www.usb.nu/wp-content/uploads/2019/06/10153_USB-ECO-Twist_SIM-1.pdf"" target=""_blank"" rel=""noopener"">10153_USB ECO Twist_SIM</a>

<a href=""https://www.usb.nu/wp-content/uploads/2019/06/10153-Declaration-of-Conformity-1.pdf"" target=""_blank"" rel=""noopener"">10153 Declaration of Conformity</a>",,"720-sv,191-sv,192-sv,193-sv,198-sv","194-sv,195-sv,196-sv,197-sv,199-sv","552-sv,karbinhake,650-sv,651-sv,551-sv",750-sv,"100 st",8523511000,"vit, svart eller grön ca 335C (egen pms från 500st)",18x9mm,"Screen, Fullfärg, Lasergravyr","40% återvunnen plast",1GB-64GB,17g,58x22x12mm,"USB 2.0","CE, Rohs, EMC",0.0,37,37,36,33,33,32,0.0,41,41,40,37,37,36,-,-,-,-,-,-,-,-,-,-,-,-,-,-,0.0,44,43,42,39,39,38,0.0,48,47,46,43,43,42,-,-,-,-,-,-,-,-,-,-,-,-,-,-,0.0,52,51,51,47,47,46,0.0,56,55,55,51,51,50,-,-,-,-,-,-,-,-,-,-,-,-,-,-,0.0,31,31,30,28,27,27,0.0,32,31,31,28,27,27,0.0,32,31,31,28,28,27,0.0,34,33,33,30,29,29,0.0,37,37,36,33,33,32,0.0,38,37,36,34,33,33,0.0,38,38,37,34,34,33,0.0,40,39,39,36,35,35,0.0,45,45,44,41,40,40,0.0,46,45,44,41,41,40,0.0,46,46,45,42,41,41,0.0,48,47,47,43,43,42,-,-,-,-
30,"Bamboo square USB",11225,"Bambu är världens snabbast växande växt! Rektangulärt plant USB minne med stora tryckytor på båda sidor. Tar trots sin storlek inte stor plats i USB porten.","Bambu är världens snabbast växande växt! Rektangulärt plant USB minne med stora tryckytor på båda sidor. Tar trots sin storlek inte stor plats i USB porten.",11225,USB-minnen,"https://www.usb.nu/wp-content/uploads/2019/06/15bb7b74e924eb.jpg,https://www.usb.nu/wp-content/uploads/2019/06/15bb7b74f4a9a9.jpg,https://www.usb.nu/wp-content/uploads/2019/06/15bb7b74ff1597.jpg",https://www.usb.nu/wp-content/uploads/2019/06/15bb7b74de204f.jpg,"<a href=""https://www.usb.nu/wp-content/uploads/2019/06/Bamboo-Square_11225_SIM-1.pdf"">Bamboo Square_11225_SIM</a>

<a href=""https://www.usb.nu/wp-content/uploads/2019/06/Bamboo-Square-Pictures.zip"">Bamboo Square Pictures</a>

<a href=""https://www.usb.nu/wp-content/uploads/2019/06/11225-Declaration-of-Conformity-1.pdf"" target=""_blank"" rel=""noopener"">11225 Declaration of Conformity</a>",,"720-sv,191-sv,192-sv,193-sv,198-sv","194-sv,195-sv,196-sv,197-sv,199-sv",-,750-sv," 100 st",8523511000,Trä,40x26mm,"Tampotryck / Lasergravyr",Bambu,"1GB - 64GB",20g,60x29x10mm,"USB 2,0","CE, Rohs, EMC",0.0,40,39,39,36,35,35,0.0,44,43,42,39,39,38,-,-,-,-,-,-,-,-,-,-,-,-,-,-,0.0,46,45,45,42,41,41,0.0,50,49,49,46,45,44,-,-,-,-,-,-,-,-,-,-,-,-,-,-,0.0,55,54,53,50,49,48,0.0,59,58,57,54,53,52,-,-,-,-,-,-,-,-,-,-,-,-,-,-,0.0,34,33,33,30,29,29,0.0,34,33,33,30,30,29,0.0,34,34,33,31,30,30,0.0,36,35,35,32,31,31,0.0,40,39,39,36,35,35,0.0,40,39,39,36,35,35,0.0,41,40,39,36,36,35,0.0,42,41,41,38,37,37,0.0,48,47,47,43,43,42,0.0,48,48,47,44,43,42,0.0,49,48,47,44,44,43,0.0,50,50,49,46,45,44,-,-,-,-
31,"Ferro twister USB",11242,"Snygg variant av Twist i metall med tillhörande kulkedja. Lämpar sig väl för både tryck och gravyr.","Snygg variant av Twist i metall med tillhörande kulkedja. Lämpar sig väl för både tryck och gravyr.",11242,USB-minnen,"https://www.usb.nu/wp-content/uploads/2019/06/15bb7b73110fa4.jpg,https://www.usb.nu/wp-content/uploads/2019/06/15bb7b7319f718.jpg,https://www.usb.nu/wp-content/uploads/2019/06/15bb7b7323abc0.jpg,https://www.usb.nu/wp-content/uploads/2019/06/15bb7b732c8d0f.jpg",https://www.usb.nu/wp-content/uploads/2019/06/15bb7b730813e7.jpg,"<a href=""https://www.usb.nu/wp-content/uploads/2019/06/Ferro-Twister-Pictures.zip"">Ferro Twister Pictures</a>

<a href=""https://www.usb.nu/wp-content/uploads/2019/06/Ferro-Twister-Simulation-20140916.pdf"">Ferro Twister Simulation 20140916</a>

<a href=""https://www.usb.nu/wp-content/uploads/2019/06/11242-Declaration-of-Conformity-1.pdf"" target=""_blank"" rel=""noopener"">11242 Declaration of Conformity</a>",,"720-sv,191-sv,192-sv,193-sv,198-sv","194-sv,195-sv,196-sv,197-sv,199-sv","552-sv,karbinhake,650-sv,651-sv,551-sv","457-sv,453-sv,452-sv,456-sv,901-sv","100 st",8523511000,Silver,45x8mm,Lasergravyr,Metall,1GB-64GB,19g,52x15x9mm,"USB 2.0","CE, Rohs, EMC",0.0,42,41,41,38,37,37,0.0,44,43,42,39,39,38,-,-,-,-,-,-,-,-,-,-,-,-,-,-,0.0,49,48,47,44,43,43,0.0,50,49,49,46,45,44,-,-,-,-,-,-,-,-,-,-,-,-,-,-,0.0,57,56,55,52,51,51,0.0,59,58,57,54,53,52,-,-,-,-,-,-,-,-,-,-,-,-,-,-,0.0,37,36,36,33,32,32,0.0,37,37,36,33,33,32,0.0,39,38,38,35,34,34,0.0,41,40,39,36,36,35,0.0,43,42,42,39,38,38,0.0,44,43,42,39,39,38,0.0,45,45,44,41,40,40,0.0,47,46,46,43,42,41,0.0,51,51,50,47,46,45,0.0,52,51,51,47,47,46,0.0,54,53,52,49,48,48,0.0,55,55,54,51,50,49,-,-,-,-
32,"Drop USB",20051,"Mjukt behagligt droppformat minne med gummerad känsla. Standardfärger: Vit, svart, mörkblå 295C, mellanblå 2935C, ljusblå 278C, limegrön 381C, gul 102C, , cerice 258C.","Mjukt behagligt droppformat minne med gummerad känsla. Standardfärger: Vit, svart, mörkblå 295C, mellanblå 2935C, ljusblå 278C, limegrön 381C, gul 102C, cerice 258C.",20051,USB-minnen,"https://www.usb.nu/wp-content/uploads/2019/06/15bb7b72d6db90.jpg,https://www.usb.nu/wp-content/uploads/2019/06/15bb7b72e07081.jpg,https://www.usb.nu/wp-content/uploads/2019/06/15bb7b72fd18b6.jpg,https://www.usb.nu/wp-content/uploads/2019/06/Drop.jpg,https://www.usb.nu/wp-content/uploads/2019/06/Drop-6.jpg,https://www.usb.nu/wp-content/uploads/2019/06/Drop-5.jpg,https://www.usb.nu/wp-content/uploads/2019/06/Drop-black-8.jpg",https://www.usb.nu/wp-content/uploads/2019/06/15bb7b72cc98c7.jpg,"<a href=""https://www.usb.nu/wp-content/uploads/2019/06/Drop-Simulation-20140909.pdf"">Drop Simulation 20140909</a>

<a href=""https://www.usb.nu/wp-content/uploads/2019/06/Drop-Pictures.zip"">Drop Pictures</a>

<a href=""https://www.usb.nu/wp-content/uploads/2019/06/20051-Declaration-of-Conformity-1.pdf"" target=""_blank"" rel=""noopener"">20051 Declaration of Conformity</a>",,"720-sv,191-sv,192-sv,193-sv,198-sv","194-sv,195-sv,196-sv,197-sv,199-sv","552-sv,karbinhake,650-sv,651-sv,551-sv","556-sv,411-sv,453-sv,452-sv,740-sv","100 st",8523511000,"Vit, svart, gul, lila, blå, grön","20x4mm alt. 15x15mm","Screen, Fullfärgstryck",Polycarbonat,1GB-64GB,10g,60x25x11mm,"USB 2.0","CE, Rohs, EMC",0.0,41,40,39,36,36,35,0.0,44,44,43,40,4,39,-,-,-,-,-,-,-,-,-,-,-,-,-,-,0.0,47,46,464,43,42,41,0.0,51,50,50,46,46,45,-,-,-,-,-,-,-,-,-,-,-,-,-,-,0.0,55,55,54,51,50,49,0.0,60,59,58,55,54,53,-,-,-,-,-,-,-,-,-,-,-,-,-,-,0.0,34,34,33,31,30,30,0.0,35,34,34,31,30,30,0.0,35,35,34,31,31,30,0.0,37,36,36,33,32,32,0.0,41,41,39,36,36,35,0.0,41,40,40,37,36,36,0.0,41,41,40,37,37,36,0.0,43,42,42,39,38,38,0.0,49,48,47,44,44,43,0.0,49,48,48,45,44,43,0.0,50,49,48,45,44,44,0.0,51,51,50,47,46,45,-,-,-,-
